word,word_duration,word_pos,silence_duration,syllable_count,avg_syllable_duration,articulation_rate,spectral_tilt,hnr,voiced_unvoiced_ratio,f0_min,f0_tmin,f0_max,f0_tmax,f0_mean,f0_median,f0_range,f0_slope,f0_skewness,f0_std,int_min,int_tmin,int_max,int_tmax,int_mean,int_median,int_range,int_slope,int_skewness,int_std,spectral_emphasis
yeah,0.1834999999999951,0.08,0.5831250000000097,1,0.1834999999999951,5.449591280654096,-5.436902246135773,4.997867624817791,9,116.92453992526796,1.5811250000000059,128.25254044605308,1.5153789688746906,122.83047932672422,123.86798047865233,11.32800052078511,172.29938183178484,-0.40214093002761536,3.9008536514058734,40.54061371920088,1.482125,60.145890525141716,1.5515601595769282,58.22545474351294,58.838281531429175,19.60527680594084,282.35373729097375,-0.6227052733639871,5.767854305018586,21.328469147285706
yeah,0.1834999999999951,0.08,0.5831250000000097,1,0.1834999999999951,5.449591280654096,-7.168226940526669,7.7081860738769175,--undefined--,115.37766113872573,1.6241249999999998,125.20174445727862,1.5311250000000058,118.55876052624888,117.06821856589707,9.824083318552894,105.6353045005756,0.7677301297369618,3.0459836354179086,53.63904675850801,1.626125,60.145890525141716,1.5515601595769282,59.033465227228426,59.40265444870284,6.506843766633708,87.26423512361407,-0.18114070038177055,1.8058521326130466,24.076741789274546
yeah,0.1834999999999951,0.08,0.5831250000000097,1,0.1834999999999951,5.449591280654096,-6.790099817000655,9.74092491067126,1.4925373134330535,115.37766113872573,1.6241249999999998,116.99301498644716,1.6040154537702107,116.4566048204105,116.58045722342935,1.6153538477214369,80.32771248356394,-0.03921809025675138,0.6499272925970182,28.78244487072931,1.6617338101191894,59.37796308362047,1.586125,56.08463258011714,55.42930840513458,30.59551821289116,404.6554649472795,-0.6504249234373106,12.376428393332937,21.909169107825733
yeah,0.1834999999999951,0.08,0.5831250000000097,1,0.1834999999999951,5.449591280654096,-6.790099817000655,--undefined--,0,--undefined--,--undefined--,--undefined--,--undefined--,--undefined--,--undefined--,--undefined--,--undefined--,--undefined--,--undefined--,28.78244487072931,1.6617338101191894,47.045999989719114,1.634125,41.89745054061621,34.07819965977316,18.263555118989803,661.5118522002442,0.3156533396682295,8.250518302775351,-3.9775512807078557
