word,word_duration,word_pos,silence_duration,syllable_count,avg_syllable_duration,articulation_rate,spectral_tilt,hnr,voiced_unvoiced_ratio,f0_min,f0_tmin,f0_max,f0_tmax,f0_mean,f0_median,f0_range,f0_slope,f0_skewness,f0_std,int_min,int_tmin,int_max,int_tmax,int_mean,int_median,int_range,int_slope,int_skewness,int_std,spectral_emphasis
my,0.18087500000000034,0.34,0,1,0.18087500000000034,5.528680027643389,-11.982493960680962,--undefined--,0.42857142857143204,98.54472703385494,5.014456032745397,101.02737947476308,4.991681359361616,100.10665499822235,100.17155678725476,2.48265244090814,109.00935434166023,-0.25382558796115723,0.9980460203611874,42.94749995853543,4.922124999999999,50.915643565553,5.0036763559255455,48.11564185219987,46.53377705790997,7.968143607017566,97.7070646660031,0.29382638202561057,3.1950615892381715,13.897222039211321
my,0.18087500000000034,0.34,0,1,0.18087500000000034,5.528680027643389,-10.188979075157883,--undefined--,1,98.54472703385494,5.014456032745397,101.02737947476308,4.991681359361616,99.89845174230874,99.77686095391925,2.48265244090814,109.00935434166023,0.357611898334546,0.9398315107099993,46.55219789317705,5.058125,50.915643565553,5.0036763559255455,49.32132069029869,49.47377841102443,4.363445672375946,80.13873892633985,-0.1883626607915667,1.526721094955953,15.457569452657031
my,0.18087500000000034,0.34,0,1,0.18087500000000034,5.528680027643389,-7.926045762972356,--undefined--,0.32854209445584726,98.70769302837392,5.015625000000005,99.62399830375426,5.024125,99.33553182817164,99.62399830375426,0.9163052753803385,107.800620633052,--undefined--,--undefined--,34.31573076568205,5.0901250000000005,50.30546570952705,5.0181249999999995,46.70090383379768,46.987215105635904,15.989734943845,222.0796519978443,-0.4606141146658796,5.1959339668117845,11.35380619937247
my,0.18087500000000034,0.34,0,1,0.18087500000000034,5.528680027643389,-7.926045762972356,--undefined--,0,--undefined--,--undefined--,--undefined--,--undefined--,--undefined--,--undefined--,--undefined--,--undefined--,--undefined--,--undefined--,34.31573076568205,5.0901250000000005,45.13350691263107,5.0661249999999995,40.76353721509995,40.504113273507706,10.817776146949022,450.7406727895255,-0.10669528870318787,4.944070254872073,-2.7051846035378944
