word,word_duration,word_pos,silence_duration,syllable_count,avg_syllable_duration,articulation_rate,spectral_tilt,hnr,voiced_unvoiced_ratio,f0_min,f0_tmin,f0_max,f0_tmax,f0_mean,f0_median,f0_range,f0_slope,f0_skewness,f0_std,int_min,int_tmin,int_max,int_tmax,int_mean,int_median,int_range,int_slope,int_skewness,int_std,spectral_emphasis
my,0.0730653569308,0.361137295082,0.0,0.111111111111,0.172261904762,0.165860400829,0.343093844678,0.308634010106,0.5,0.164332836399,0.350207960015,0.159172051797,0.348281643968,0.166937501919,0.167114059431,0.00475529226337,0.00351697670303,0.373075726327,0.00335473034049,0.897140998662,0.342711175516,0.904548310527,0.348777872776,0.899098360474,0.894435578174,0.0197974388224,0.00335222296655,0.646750656911,0.0172396356683,0.883870859122
my,0.0730653569308,0.361137295082,0.0,0.111111111111,0.172261904762,0.165860400829,0.368141829598,0.308634010106,0.5,0.164332836399,0.350207960015,0.159172051797,0.348281643968,0.166590302909,0.166455596839,0.00475529226337,0.00351697670303,0.678801904947,0.00315905401114,0.905593142001,0.352180402703,0.904548310527,0.348777872776,0.902212336798,0.902023992304,0.0108413016901,0.00274947284577,0.405545154065,0.00823774901015,0.888264718634
my,0.0730653569308,0.361137295082,0.0,0.111111111111,0.172261904762,0.165860400829,0.399745648409,0.308634010106,0.5,0.164604597912,0.350289600304,0.156960977318,0.350545315001,0.165651579662,0.166200579359,0.00175509842421,0.00347797923975,0.49999160699,0.0,0.876901591143,0.354408456159,0.902975467142,0.349785005729,0.89544443494,0.895605943516,0.0397276724604,0.00761931097178,0.269356765278,0.0280357689648,0.87670872857
my,0.0730653569308,0.361137295082,0.0,0.111111111111,0.172261904762,0.165860400829,0.399745648409,0.308634010106,0.5,0.0,0.0,0.0,0.0,0.0,0.0,0.0,0.0,0.49999160699,0.0,0.876901591143,0.354408456159,0.889643811293,0.353130813232,0.880109655485,0.878872460896,0.0268775604489,0.0154644215385,0.446397636808,0.0266767846352,0.837119320503
