word,word_duration,word_pos,silence_duration,syllable_count,avg_syllable_duration,articulation_rate,spectral_tilt,hnr,voiced_unvoiced_ratio,f0_min,f0_tmin,f0_max,f0_tmax,f0_mean,f0_median,f0_range,f0_slope,f0_skewness,f0_std,int_min,int_tmin,int_max,int_tmax,int_mean,int_median,int_range,int_slope,int_skewness,int_std,spectral_emphasis
she,0.18999999999999773,0.38,0,1,0.18999999999999773,5.263157894736905,-5.615102543173485,--undefined--,0,--undefined--,--undefined--,--undefined--,--undefined--,--undefined--,--undefined--,--undefined--,--undefined--,--undefined--,--undefined--,38.41988160180524,5.595048369233638,47.12915421448818,5.570125000000001,42.20643680975344,42.21365172453745,8.709272612682945,349.44202491406463,-0.41438614253784023,2.169802978246613,6.414732376369364
she,0.18999999999999773,0.38,0,1,0.18999999999999773,5.263157894736905,-4.149314042904319,--undefined--,0.11111111111111252,123.16797965455153,5.720000000000007,124.18475509054952,5.714125,123.91010885209013,124.18475509054952,1.0167754359979853,173.06815931860757,--undefined--,--undefined--,37.22245217982962,5.687637860847261,56.505733999010054,5.714124999999999,48.80195646489679,42.3263905854035,19.283281819180438,728.0243331672411,0.18174985588390766,5.380702293185923,7.773978923109807
she,0.18999999999999773,0.38,0,1,0.18999999999999773,5.263157894736905,-8.181867458255581,--undefined--,1.250000000000071,113.22807253225072,5.760000000000005,124.18475509054952,5.714125,119.687901284178,120.68274578337322,10.956682558298795,238.83776693836734,-0.27007962699289073,4.131636784052069,37.22245217982962,5.687637860847261,58.93200618075151,5.735691736068459,55.540298209559836,56.505733999010054,21.70955400092189,451.7753022204777,-0.7899402918415829,8.676207380735738,7.4663830125750765
she,0.18999999999999773,0.38,0,1,0.18999999999999773,5.263157894736905,-8.449388790023942,--undefined--,-35184372088832,113.22807253225072,5.760000000000005,123.16797965455153,5.720000000000007,118.53998860165107,119.22342860732869,9.93990712230081,248.49767805753106,-0.16801167112685217,3.8593069347181173,56.50953634348695,5.754125,58.93200618075151,5.735691736068459,58.04716925984074,58.278428887186266,2.4224698372645577,131.41838831480266,-0.044019615038214846,0.9813855240842496,10.724248898515805
