word,word_duration,word_pos,silence_duration,syllable_count,avg_syllable_duration,articulation_rate,spectral_tilt,hnr,voiced_unvoiced_ratio,f0_min,f0_tmin,f0_max,f0_tmax,f0_mean,f0_median,f0_range,f0_slope,f0_skewness,f0_std,int_min,int_tmin,int_max,int_tmax,int_mean,int_median,int_range,int_slope,int_skewness,int_std,spectral_emphasis
she,0.076734096301,0.399887295082,0.0,0.111111111111,0.180952380952,0.157894736842,0.43201996706,0.308634010106,0.5,0.0,0.0,0.0,0.0,0.0,0.0,0.0,0.0,0.49999160699,0.0,0.886524830532,0.389564589215,0.894787951853,0.388261792011,0.883836315549,0.883284937007,0.0216388283446,0.011988975264,0.292481391249,0.0117076343514,0.862800546127
she,0.076734096301,0.399887295082,0.0,0.111111111111,0.180952380952,0.157894736842,0.452490969863,0.308634010106,0.5,0.205394484915,0.399482918627,0.195657279961,0.398688278671,0.206632056926,0.207174763059,0.00194753977025,0.0055837105727,0.49999160699,0.0,0.883717148641,0.396011287239,0.918957776021,0.398299214519,0.900870944837,0.883575926385,0.0479107319017,0.0249777219098,0.590686598119,0.0290327258437,0.866628115755
she,0.076734096301,0.399887295082,0.0,0.111111111111,0.180952380952,0.157894736842,0.396172877412,0.308634010106,0.5,0.188818731142,0.40227650547,0.195657279961,0.398688278671,0.199591118599,0.201332436052,0.0209865170586,0.00770564019207,0.364948509152,0.013887663487,0.883717148641,0.396011287239,0.925211929813,0.399802509256,0.918274448979,0.920174116991,0.0539389835816,0.0154999185473,0.104617878426,0.0468143258115,0.865761941206
she,0.076734096301,0.399887295082,0.0,0.111111111111,0.180952380952,0.157894736842,0.392436710884,0.308634010106,0.496875,0.188818731142,0.40227650547,0.194055315888,0.399098191586,0.197676863491,0.198897888511,0.0190389772883,0.00801729860492,0.415983728297,0.0129722816414,0.92894068828,0.400640565369,0.925211929813,0.399802509256,0.92474908953,0.92474960568,0.00601880447537,0.0045088217627,0.477749899179,0.0052952747272,0.874935927006
