word,word_duration,word_pos,silence_duration,syllable_count,avg_syllable_duration,articulation_rate,spectral_tilt,hnr,voiced_unvoiced_ratio,f0_min,f0_tmin,f0_max,f0_tmax,f0_mean,f0_median,f0_range,f0_slope,f0_skewness,f0_std,int_min,int_tmin,int_max,int_tmax,int_mean,int_median,int_range,int_slope,int_skewness,int_std,spectral_emphasis
had,0.11999999999999034,0.4,0,1,0.11999999999999034,8.333333333334004,-3.210320733422165,--undefined--,--undefined--,110.9224747197732,5.854125,114.84302627996385,5.80262661270768,113.21329691885188,113.78608620812885,3.9205515601906455,76.1295987374609,-0.5932012513479639,1.4448163510106866,51.82635299659438,5.776022210221862,58.19541088943931,5.836860627604695,55.6815678584723,55.09620624563575,6.369057892844928,104.68809293257753,0.12212181110219829,2.235474792044785,19.791408598130875
had,0.11999999999999034,0.4,0,1,0.11999999999999034,8.333333333334004,-6.1584095668871335,--undefined--,2.500000000001279,110.9224747197732,5.854125,114.50394312013754,5.810000000000005,112.32888272441049,111.88043559753254,3.5814684003643293,81.16642267115573,0.41224838274447434,1.4725550999959325,47.550221496522724,5.874124999999999,58.19541088943931,5.836860627604695,56.20032747659862,56.300442776008275,10.645189392916585,285.66667593355146,-0.13126310293413967,3.386755866684018,21.00096668650302
had,0.11999999999999034,0.4,0,1,0.11999999999999034,8.333333333334004,-6.1584095668871335,--undefined--,0,--undefined--,--undefined--,--undefined--,--undefined--,--undefined--,--undefined--,--undefined--,--undefined--,--undefined--,--undefined--,47.550221496522724,5.874124999999999,53.06473201014249,5.866125,51.7806889546474,50.30747675333261,5.5145105136197685,689.313814202547,0,3.900404145559116,13.020598657753936
