word,word_duration,word_pos,silence_duration,syllable_count,avg_syllable_duration,articulation_rate,spectral_tilt,hnr,voiced_unvoiced_ratio,f0_min,f0_tmin,f0_max,f0_tmax,f0_mean,f0_median,f0_range,f0_slope,f0_skewness,f0_std,int_min,int_tmin,int_max,int_tmax,int_mean,int_median,int_range,int_slope,int_skewness,int_std,spectral_emphasis
had,0.0485903422282,0.419262295082,0.0,0.111111111111,0.114285714286,0.25,0.465604822692,0.308634010106,0.5,0.184973924428,0.408850164511,0.180939070404,0.404863249577,0.188794091381,0.189826886822,0.00750945569147,0.00245617476397,0.203383767608,0.00485645867053,0.917959757937,0.402165195209,0.923313222706,0.406854418347,0.918639314255,0.916535996108,0.015824392758,0.00359173444267,0.560858851638,0.0120619806173,0.900468590792
had,0.0485903422282,0.419262295082,0.0,0.111111111111,0.114285714286,0.25,0.424432215072,0.308634010106,0.5,0.184973924428,0.408850164511,0.180404833422,0.405377708587,0.187319245415,0.186647730786,0.00685997310583,0.00261867817975,0.706120811566,0.00494969687892,0.907933265557,0.408995765828,0.923313222706,0.406854418347,0.919979144662,0.919644241447,0.0264487559654,0.00980091250428,0.434108075124,0.0182739629921,0.903874645281
had,0.0485903422282,0.419262295082,0.0,0.111111111111,0.114285714286,0.25,0.424432215072,0.308634010106,0.5,0.0,0.0,0.0,0.0,0.0,0.0,0.0,0.0,0.49999160699,0.0,0.907933265557,0.408995765828,0.910087973285,0.408894271612,0.908564289162,0.90417584447,0.0137012069452,0.0236496061675,0.499769838326,0.0210454617385,0.881402331953
