word,word_duration,word_pos,silence_duration,syllable_count,avg_syllable_duration,articulation_rate,spectral_tilt,hnr,voiced_unvoiced_ratio,f0_min,f0_tmin,f0_max,f0_tmax,f0_mean,f0_median,f0_range,f0_slope,f0_skewness,f0_std,int_min,int_tmin,int_max,int_tmax,int_mean,int_median,int_range,int_slope,int_skewness,int_std,spectral_emphasis
to,0.060000000000002274,0.42,0,1,0.060000000000002274,16.666666666666035,-6.1584095668871335,--undefined--,0,--undefined--,--undefined--,--undefined--,--undefined--,--undefined--,--undefined--,--undefined--,--undefined--,--undefined--,--undefined--,38.79734372429924,5.938124999999999,53.748112496953645,5.909921493039082,49.651268593512576,46.965231797272814,14.950768772654406,530.1031816139855,0.16488974642734472,5.25945521919615,7.2974889289669775
to,0.060000000000002274,0.42,0,1,0.060000000000002274,16.666666666666035,-6.1584095668871335,--undefined--,0,--undefined--,--undefined--,--undefined--,--undefined--,--undefined--,--undefined--,--undefined--,--undefined--,--undefined--,--undefined--,38.79734372429924,5.938124999999999,43.99058762013493,5.930125,41.67354105874434,41.393965672217085,5.193243895835693,649.1554869795331,0,3.750655647156993,-9.77264250800251
