word,word_duration,word_pos,silence_duration,syllable_count,avg_syllable_duration,articulation_rate,spectral_tilt,hnr,voiced_unvoiced_ratio,f0_min,f0_tmin,f0_max,f0_tmax,f0_mean,f0_median,f0_range,f0_slope,f0_skewness,f0_std,int_min,int_tmin,int_max,int_tmax,int_mean,int_median,int_range,int_slope,int_skewness,int_std,spectral_emphasis
to,0.0244671244515,0.438637295082,0.0,0.111111111111,0.0571428571429,0.5,0.424432215072,0.308634010106,0.5,0.0,0.0,0.0,0.0,0.0,0.0,0.0,0.0,0.49999160699,0.0,0.887409887761,0.41345187274,0.911849509643,0.411947076508,0.903064512291,0.895549202573,0.0371462845955,0.0181872627749,0.58225266284,0.0283785114184,0.865286343996
to,0.0244671244515,0.438637295082,0.0,0.111111111111,0.0571428571429,0.5,0.424432215072,0.308634010106,0.5,0.0,0.0,0.0,0.0,0.0,0.0,0.0,0.0,0.49999160699,0.0,0.887409887761,0.41345187274,0.886697730849,0.413355348282,0.882459974935,0.881169251851,0.0129029964052,0.0222718177007,0.499769838326,0.0202374618042,0.817217715979
