word,word_duration,word_pos,silence_duration,syllable_count,avg_syllable_duration,articulation_rate,spectral_tilt,hnr,voiced_unvoiced_ratio,f0_min,f0_tmin,f0_max,f0_tmax,f0_mean,f0_median,f0_range,f0_slope,f0_skewness,f0_std,int_min,int_tmin,int_max,int_tmax,int_mean,int_median,int_range,int_slope,int_skewness,int_std,spectral_emphasis
be,0.0799999999999983,0.44,0,1,0.0799999999999983,12.500000000000266,-12.63082522517044,--undefined--,0.6000000000000136,102.64757289221522,6.019999999999996,105.62827362878787,5.9941249999999995,104.29846255575303,104.48255647410129,2.9807007365726435,115.19616373229148,-0.1274495144326967,1.3777832750195187,32.90584370837433,5.952530347189493,52.89458899144707,6.002707665125261,49.835879228909164,50.48282521657325,19.988745283072745,398.3621705062099,-0.7087051081037963,8.100484102497658,3.3820426847503153
be,0.0799999999999983,0.44,0,1,0.0799999999999983,12.500000000000266,-14.50123785523844,--undefined--,-26388279066624,102.64757289221522,6.019999999999996,105.62827362878787,5.9941249999999995,104.25967639945628,104.48255647410129,2.9807007365726435,115.19616373229148,-0.1274495144326967,1.3790260546115405,52.18391073129597,6.0181249999999995,52.89458899144707,6.002707665125261,52.63916520017969,52.742396981091346,0.7106782601511057,46.09605135551316,-0.5399313747973817,0.31373396674158477,5.10068563655828
