word,word_duration,word_pos,silence_duration,syllable_count,avg_syllable_duration,articulation_rate,spectral_tilt,hnr,voiced_unvoiced_ratio,f0_min,f0_tmin,f0_max,f0_tmax,f0_mean,f0_median,f0_range,f0_slope,f0_skewness,f0_std,int_min,int_tmin,int_max,int_tmax,int_mean,int_median,int_range,int_slope,int_skewness,int_std,spectral_emphasis
be,0.0325081970437,0.458012295082,0.0,0.111111111111,0.0761904761905,0.375,0.33403933843,0.308634010106,0.5,0.171174727564,0.420434819953,0.166420916079,0.418224553784,0.173927745297,0.174306007734,0.00570925793659,0.00371658218299,0.436265299905,0.00463114050959,0.87359574757,0.414454869102,0.909649398992,0.418414673814,0.903541316835,0.904628434995,0.0496635077622,0.0136673721756,0.145254167521,0.0437078881779,0.854260645118
be,0.0325081970437,0.458012295082,0.0,0.111111111111,0.0761904761905,0.375,0.307917410071,0.308634010106,0.49765625,0.171174727564,0.420434819953,0.166420916079,0.418224553784,0.17386306564,0.174306007734,0.00570925793659,0.00371658218299,0.436265299905,0.00463531786245,0.918798144199,0.41902200638,0.909649398992,0.418414673814,0.91078152531,0.91046059772,0.00176573240539,0.00158150531437,0.229679879419,0.00169281847386,0.859100256872
