word,word_duration,word_pos,silence_duration,syllable_count,avg_syllable_duration,articulation_rate,spectral_tilt,hnr,voiced_unvoiced_ratio,f0_min,f0_tmin,f0_max,f0_tmax,f0_mean,f0_median,f0_range,f0_slope,f0_skewness,f0_std,int_min,int_tmin,int_max,int_tmax,int_mean,int_median,int_range,int_slope,int_skewness,int_std,spectral_emphasis
in,0.0864336401154,0.496762295082,0.0,0.111111111111,0.203928571429,0.140105078809,0.409921845089,0.308634010106,0.5,0.172066927264,0.442373206634,0.164184596968,0.440551725341,0.172945243924,0.173061223311,0.00196573590177,0.00165553973454,0.460356495895,0.00172661404897,0.881775738073,0.443713935663,0.903781079934,0.439676235663,0.898843306411,0.897437657368,0.0353393982726,0.00750464806661,0.278737407094,0.0277139294366,0.863730502703
in,0.0864336401154,0.496762295082,0.0,0.111111111111,0.203928571429,0.140105078809,0.404199974298,0.308634010106,0.5,0.172066927264,0.442373206634,0.162927592985,0.441659362367,0.172153034431,0.172137308628,0.000437571014453,0.00178677154541,0.49999160699,0.0,0.881775738073,0.443713935663,0.902014982348,0.441237077472,0.888305801686,0.879112366788,0.0336370927177,0.0108949576849,0.853078292725,0.023695275891,0.849376407897
in,0.0864336401154,0.496762295082,0.0,0.111111111111,0.203928571429,0.140105078809,0.404199974298,0.308634010106,0.5,0.0,0.0,0.0,0.0,0.0,0.0,0.0,0.0,0.49999160699,0.0,0.87719957664,0.450771768126,0.878159356244,0.447132734251,0.875815495806,0.876536549475,0.0154921736228,0.00360032422359,0.292541323599,0.0108319513125,0.820379338591
in,0.0864336401154,0.496762295082,0.0,0.111111111111,0.203928571429,0.140105078809,0.404199974298,0.308634010106,0.5,0.0,0.0,0.0,0.0,0.0,0.0,0.0,0.0,0.49999160699,0.0,0.869222632688,0.451885794854,0.876232618648,0.448486327061,0.870477134688,0.868796559325,0.0220876324573,0.00544648376992,0.421142726645,0.0171218397693,0.819986444889
in,0.0864336401154,0.496762295082,0.0,0.111111111111,0.203928571429,0.140105078809,0.404199974298,0.308634010106,0.5,0.0,0.0,0.0,0.0,0.0,0.0,0.0,0.0,0.49999160699,0.0,0.869222632688,0.451885794854,0.85769586371,0.451832134564,0.857089951276,0.856638926434,0.00422043126406,0.007284871884,0.499769838326,0.00659724343181,0.813238598172
