word,word_duration,word_pos,silence_duration,syllable_count,avg_syllable_duration,articulation_rate,spectral_tilt,hnr,voiced_unvoiced_ratio,f0_min,f0_tmin,f0_max,f0_tmax,f0_mean,f0_median,f0_range,f0_slope,f0_skewness,f0_std,int_min,int_tmin,int_max,int_tmax,int_mean,int_median,int_range,int_slope,int_skewness,int_std,spectral_emphasis
nursing,0.104877850374,0.535512295082,0.0461314140349,0.111111111111,0.247619047619,0.115384615385,0.356699557878,0.308634010106,0.5,0.179902512353,0.472404265202,0.175952952881,0.467762965676,0.184381544428,0.185140775754,0.00727277713101,0.00204170721509,0.348173228417,0.00436360726865,0.897257228201,0.465254115589,0.918783808195,0.470387512802,0.913809186155,0.912029538083,0.0333955853838,0.00696591087181,0.378391414973,0.0229409308802,0.892246623647
nursing,0.104877850374,0.535512295082,0.0461314140349,0.111111111111,0.247619047619,0.115384615385,0.379802243438,0.308634010106,0.5,0.179902512353,0.472404265202,0.175403233204,0.469568326814,0.183347635326,0.184133444633,0.00660447192317,0.00325994199761,0.300349428814,0.00500162517604,0.87705413144,0.475125777458,0.918783808195,0.470387512802,0.910171729804,0.902824229583,0.054803374846,0.0100129792641,0.305619519491,0.050434770805,0.888663939986
nursing,0.104877850374,0.535512295082,0.0461314140349,0.111111111111,0.247619047619,0.115384615385,0.379802243438,0.308634010106,0.5,0.0,0.0,0.0,0.0,0.0,0.0,0.0,0.0,0.49999160699,0.0,0.87705413144,0.475125777458,0.88940845716,0.473022248749,0.877335465952,0.869437657113,0.026489071247,0.00968191099011,0.43598642143,0.0160026866868,0.851100171588
nursing,0.104877850374,0.535512295082,0.0461314140349,0.111111111111,0.247619047619,0.115384615385,0.379802243438,0.308634010106,0.5,0.0,0.0,0.0,0.0,0.0,0.0,0.0,0.0,0.49999160699,0.0,0.878770750688,0.475837369504,0.892695236453,0.480986081138,0.882641464517,0.877037734168,0.0278381512512,0.00580228301475,0.600064810778,0.0210753636107,0.849435162973
nursing,0.104877850374,0.535512295082,0.0461314140349,0.111111111111,0.247619047619,0.115384615385,0.379802243438,0.308634010106,0.5,0.0,0.0,0.0,0.0,0.0,0.0,0.0,0.0,0.49999160699,0.0,0.883290301945,0.483078543236,0.892695236453,0.480986081138,0.886734750296,0.883770300278,0.0230491031703,0.00843161720335,0.509026753914,0.0173471653177,0.840051089348
