word,word_duration,word_pos,silence_duration,syllable_count,avg_syllable_duration,articulation_rate,spectral_tilt,hnr,voiced_unvoiced_ratio,f0_min,f0_tmin,f0_max,f0_tmax,f0_mean,f0_median,f0_range,f0_slope,f0_skewness,f0_std,int_min,int_tmin,int_max,int_tmax,int_mean,int_median,int_range,int_slope,int_skewness,int_std,spectral_emphasis
yeah,0.0741207477085,0.109262295082,0.144722963331,0.111111111111,0.174761904762,0.163487738419,0.434508688167,0.404126557436,0.5,0.194982947023,0.11042524995,0.202066213308,0.105731644414,0.204831670568,0.206646294769,0.021697742442,0.0055589074489,0.298916251684,0.0131119325474,0.891497433553,0.103195429009,0.928340935467,0.108150450478,0.925209557739,0.926194636891,0.048710752128,0.0096872491879,0.188273878756,0.0311216870251,0.904796875671
yeah,0.0741207477085,0.109262295082,0.144722963331,0.111111111111,0.174761904762,0.163487738419,0.410329242997,0.455911685056,0.5,0.192403377458,0.113428355807,0.19725958109,0.106830282971,0.197708167486,0.19530239783,0.0188171274519,0.00340811948837,0.883866007949,0.0102384594597,0.922210085643,0.113221669561,0.928340935467,0.108150450478,0.927296453051,0.927651335343,0.0161667318952,0.00299394085924,0.409157796489,0.0097438600063,0.912535872632
yeah,0.0741207477085,0.109262295082,0.144722963331,0.111111111111,0.174761904762,0.163487738419,0.415610114968,0.49475053077,0.5,0.192403377458,0.113428355807,0.184326450296,0.111916025678,0.194202620106,0.194488676045,0.00309406162864,0.00259161881216,0.480382084944,0.00218459947047,0.863927376281,0.115700992449,0.926361464097,0.110559769279,0.919680332775,0.917395763445,0.0760168151996,0.0138832882532,0.174407673719,0.0667796567973,0.906432097432
yeah,0.0741207477085,0.109262295082,0.144722963331,0.111111111111,0.174761904762,0.163487738419,0.415610114968,0.308634010106,0.5,0.0,0.0,0.0,0.0,0.0,0.0,0.0,0.0,0.49999160699,0.0,0.863927376281,0.115700992449,0.894573606854,0.113905576781,0.883038278877,0.862286586332,0.0453771459175,0.0226957511329,0.657669159461,0.0445174296776,0.8335364002
