word,word_duration,word_pos,silence_duration,syllable_count,avg_syllable_duration,articulation_rate,spectral_tilt,hnr,voiced_unvoiced_ratio,f0_min,f0_tmin,f0_max,f0_tmax,f0_mean,f0_median,f0_range,f0_slope,f0_skewness,f0_std,int_min,int_tmin,int_max,int_tmax,int_mean,int_median,int_range,int_slope,int_skewness,int_std,spectral_emphasis
and,0.0964849808557,0.574262295082,0.0,0.111111111111,0.227738095238,0.125457396759,0.352710949036,0.308634010106,0.5,0.173999730921,0.508720894168,0.173380981537,0.503346895346,0.177732093394,0.176826396255,0.0109259385541,0.00262908815504,0.776644896902,0.00605993778621,0.914683657009,0.507587131251,0.91546659747,0.503708549403,0.913652617328,0.913346808189,0.0117326421451,0.00254079891943,0.360425695616,0.00817328843845,0.895323904436
and,0.0964849808557,0.574262295082,0.0,0.111111111111,0.227738095238,0.125457396759,0.357111506251,0.308634010106,0.5,0.173999730921,0.508720894168,0.16737972023,0.505422624576,0.175765691133,0.176297949471,0.00363008513264,0.00151913146894,0.271113484557,0.00232357920975,0.910084610996,0.510929211434,0.912904647771,0.505365054609,0.908185235371,0.90311236278,0.0141365139592,0.00221827164606,0.818933978448,0.0124725629526,0.885516482484
and,0.0964849808557,0.574262295082,0.0,0.111111111111,0.227738095238,0.125457396759,0.357111506251,0.308634010106,0.5,0.0,0.0,0.0,0.0,0.0,0.0,0.0,0.0,0.49999160699,0.0,0.854277931688,0.514271291618,0.900557571431,0.51026531097,0.895398743126,0.897512387153,0.0613698001032,0.0128987741702,0.127779315924,0.0459834150998,0.833585870513
and,0.0964849808557,0.574262295082,0.0,0.111111111111,0.227738095238,0.125457396759,0.357111506251,0.308634010106,0.5,0.0,0.0,0.0,0.0,0.0,0.0,0.0,0.0,0.49999160699,0.0,0.849957234906,0.514755190869,0.894413620142,0.512056669615,0.875803763341,0.854342582046,0.0600261064655,0.0176547049163,0.658810976169,0.0441139075439,0.827075995794
and,0.0964849808557,0.574262295082,0.0,0.111111111111,0.227738095238,0.125457396759,0.357111506251,0.308634010106,0.5,0.0,0.0,0.0,0.0,0.0,0.0,0.0,0.0,0.49999160699,0.0,0.849957234906,0.514810898315,0.855951510689,0.51689611018,0.84996278173,0.84668402261,0.02295326118,0.0146210217289,0.526184284837,0.019857719424,0.832360142798
