word,word_duration,word_pos,silence_duration,syllable_count,avg_syllable_duration,articulation_rate,spectral_tilt,hnr,voiced_unvoiced_ratio,f0_min,f0_tmin,f0_max,f0_tmax,f0_mean,f0_median,f0_range,f0_slope,f0_skewness,f0_std,int_min,int_tmin,int_max,int_tmax,int_mean,int_median,int_range,int_slope,int_skewness,int_std,spectral_emphasis
she,0.1996249999999975,0.62,0,1,0.1996249999999975,5.0093926111459615,-8.578468757905348,--undefined--,0,--undefined--,--undefined--,--undefined--,--undefined--,--undefined--,--undefined--,--undefined--,--undefined--,--undefined--,--undefined--,35.46163527479139,8.298699797178916,42.39906064970654,8.354125,38.00639138020393,36.940283531868936,6.937425374915151,125.16734304625989,0.3259062823314439,2.068552069892223,2.640956844872861
she,0.1996249999999975,0.62,0,1,0.1996249999999975,5.0093926111459615,-3.857926455000687,--undefined--,0.25,144.5762231259014,8.407500000000008,145.44132708042454,8.394125,145.07506470642852,145.04729282256167,0.8651039545231356,64.68066949702292,0,--undefined--,36.25050657614651,8.314124999999999,60.33027914680514,8.402125,52.53481571153784,42.243896161123686,24.079772570658626,273.63377921202687,0.19195618770202724,8.242718244351218,7.584783205906835
she,0.1996249999999975,0.62,0,1,0.1996249999999975,5.0093926111459615,-4.584629177101341,10.532193854046309,1.5141955835963534,137.91896358339932,8.457125000000005,145.44132708042454,8.394125,142.56522834000776,143.81847203368054,7.522363497025225,119.4025951908687,-0.6777047851218936,2.833756815651389,41.98370434919798,8.368227769102395,61.35278594839106,8.416038697365588,57.97964533924024,57.71514281889451,19.36908159919308,405.1182920475611,-0.5079763140603157,7.343617107859016,9.038422775912181
she,0.1996249999999975,0.62,0,1,0.1996249999999975,5.0093926111459615,-3.7129197653042922,10.532193854046309,-133.3333333316356,137.91896358339932,8.457125000000005,144.57622312590135,8.40750000000001,141.6358934637759,141.47502514456627,6.6572595425020324,134.15132579350436,-0.014061936474049973,2.7706021654659128,55.966333116165416,8.450125,61.35278594839106,8.416038697365588,59.57800669230985,60.16981145873624,5.386452832225643,158.02396904109267,-0.4376960938236228,2.23136463002011,9.08465159178461
