word,word_duration,word_pos,silence_duration,syllable_count,avg_syllable_duration,articulation_rate,spectral_tilt,hnr,voiced_unvoiced_ratio,f0_min,f0_tmin,f0_max,f0_tmax,f0_mean,f0_median,f0_range,f0_slope,f0_skewness,f0_std,int_min,int_tmin,int_max,int_tmax,int_mean,int_median,int_range,int_slope,int_skewness,int_std,spectral_emphasis
she,0.080603862486,0.632387295082,0.0,0.111111111111,0.190119047619,0.150281778334,0.390633997611,0.308634010106,0.5,0.0,0.0,0.0,0.0,0.0,0.0,0.0,0.0,0.49999160699,0.0,0.879588459596,0.577810836325,0.88259528327,0.582318627173,0.872988615803,0.869673888271,0.0172365435688,0.00429435520815,0.662797990627,0.0111613134989,0.852173784821
she,0.080603862486,0.632387295082,0.0,0.111111111111,0.190119047619,0.150281778334,0.456560449279,0.308634010106,0.5,0.241094795605,0.587177034677,0.229147727752,0.585678340463,0.241926662051,0.24197928724,0.00165702700635,0.00208679712976,0.49999160699,0.0,0.881438171676,0.578884841839,0.928816230369,0.585664434676,0.910512015863,0.883363000682,0.0598279659399,0.00938807692395,0.595792113135,0.0444753428001,0.866095350171
she,0.080603862486,0.632387295082,0.0,0.111111111111,0.190119047619,0.150281778334,0.446411417915,0.50986903584,0.5,0.229993173263,0.590642828355,0.229147727752,0.585678340463,0.237741267851,0.239929271877,0.0144083949691,0.00385229458613,0.161130973104,0.00952510182205,0.894881131459,0.582651837516,0.931451925918,0.586634279531,0.924574691603,0.923295712485,0.0481239077654,0.0138991673469,0.245664764618,0.0396240510209,0.870188725785
she,0.080603862486,0.632387295082,0.0,0.111111111111,0.190119047619,0.150281778334,0.458585592982,0.50986903584,0.5,0.229993173263,0.590642828355,0.227784727225,0.586611546462,0.236191512315,0.2360197497,0.0127513679628,0.00432813395095,0.49296046775,0.00931282020698,0.927667008315,0.588354069026,0.931451925918,0.586634279531,0.928702871723,0.929631438205,0.0133830382175,0.00542163025873,0.280821050549,0.0120398033622,0.870318903796
