word,word_duration,word_pos,silence_duration,syllable_count,avg_syllable_duration,articulation_rate,spectral_tilt,hnr,voiced_unvoiced_ratio,f0_min,f0_tmin,f0_max,f0_tmax,f0_mean,f0_median,f0_range,f0_slope,f0_skewness,f0_std,int_min,int_tmin,int_max,int_tmax,int_mean,int_median,int_range,int_slope,int_skewness,int_std,spectral_emphasis
had,0.15287499999999454,0.64,0,1,0.15287499999999454,6.541291905151501,1.2763660563675217,3.936166916155374,9.000000000001023,125.80583467633717,8.534125,138.1379196842884,8.463059519274838,133.2049388174475,133.56083851738123,12.332085007951221,173.5312965185481,-0.03927374972168973,4.61255646254157,46.10326656083825,8.554124999999999,60.87209732646829,8.526078426903487,57.85777177467231,57.34879398397571,14.768830765630042,526.5823640844957,-0.13278721025306606,3.9196644703836023,16.885865597217443
had,0.15287499999999454,0.64,0,1,0.15287499999999454,6.541291905151501,-2.662858652503271,3.936166916155374,0.6666666666666666,125.80583467633717,8.534125,132.38323933333575,8.507125000000006,128.5405042046374,127.98984991606518,6.577404656998581,243.60757988889122,0.12943282283709012,2.8400069789122906,42.21645292801026,8.589040130803639,60.87209732646829,8.526078426903487,55.77139501866628,45.19106447414472,18.65564439845803,296.30145378598934,0.8307677821351778,7.8702382714913,14.600011379466586
had,0.15287499999999454,0.64,0,1,0.15287499999999454,6.541291905151501,-2.662858652503271,--undefined--,0,--undefined--,--undefined--,--undefined--,--undefined--,--undefined--,--undefined--,--undefined--,--undefined--,--undefined--,--undefined--,42.21645292801026,8.589040130803639,44.278862387451184,8.562125,43.82287091747085,43.896194473015946,2.0624094594409215,76.62639555747917,-0.5878203619435092,0.9237417981654428,-3.921082368271316
