word,word_duration,word_pos,silence_duration,syllable_count,avg_syllable_duration,articulation_rate,spectral_tilt,hnr,voiced_unvoiced_ratio,f0_min,f0_tmin,f0_max,f0_tmax,f0_mean,f0_median,f0_range,f0_slope,f0_skewness,f0_std,int_min,int_tmin,int_max,int_tmax,int_mean,int_median,int_range,int_slope,int_skewness,int_std,spectral_emphasis
had,0.0618078553017,0.651762295082,0.0,0.111111111111,0.145595238095,0.196238757154,0.528265280075,0.38384100512,0.5,0.20979336257,0.596020483029,0.217640962493,0.590488068082,0.222132082326,0.222816681915,0.0236209738678,0.00559865280176,0.480354254535,0.0155041779602,0.90454050679,0.595595242758,0.930212864369,0.594304524379,0.924259921714,0.922350132419,0.0366942462361,0.0180664673603,0.433345670673,0.0211493849255,0.892286728443
had,0.0618078553017,0.651762295082,0.0,0.111111111111,0.145595238095,0.196238757154,0.473250603643,0.38384100512,0.5,0.20979336257,0.596020483029,0.208574269052,0.593562622919,0.214353687751,0.213522721134,0.0125984132789,0.00785952901314,0.564709592394,0.00954611048487,0.895426870488,0.598026267066,0.930212864369,0.594304524379,0.918871316046,0.890969913394,0.0463513205692,0.010165780149,0.915344940297,0.0424655477316,0.88584987841
had,0.0618078553017,0.651762295082,0.0,0.111111111111,0.145595238095,0.196238757154,0.473250603643,0.308634010106,0.5,0.0,0.0,0.0,0.0,0.0,0.0,0.0,0.0,0.49999160699,0.0,0.895426870488,0.598026267066,0.887440811012,0.596817126352,0.888011173215,0.887627734724,0.00512420798541,0.00262896817041,0.205724363636,0.0049842457202,0.833695413806
