word,word_duration,word_pos,silence_duration,syllable_count,avg_syllable_duration,articulation_rate,spectral_tilt,hnr,voiced_unvoiced_ratio,f0_min,f0_tmin,f0_max,f0_tmax,f0_mean,f0_median,f0_range,f0_slope,f0_skewness,f0_std,int_min,int_tmin,int_max,int_tmax,int_mean,int_median,int_range,int_slope,int_skewness,int_std,spectral_emphasis
used,0.0867351803376,0.671137295082,0.0,0.111111111111,0.204642857143,0.139616055846,0.422483721818,0.421241432341,0.5,0.213546409472,0.603702846848,0.25924813774,0.607717700825,0.241304769339,0.241000753447,0.0698928844029,0.0178713257188,0.485991105818,0.0410424601722,0.902288121108,0.599494336306,0.941569599443,0.606854548861,0.93221874282,0.923816508729,0.0500274657052,0.00719601970235,0.396965506267,0.0412640261419,0.867291321983
used,0.0867351803376,0.671137295082,0.0,0.111111111111,0.204642857143,0.139616055846,0.456346268584,0.483031569462,0.5,0.227665457727,0.604811551627,0.27040566353,0.609434720994,0.266365804474,0.273716478371,0.0672401162312,0.0151803725511,0.297127544415,0.0399043879091,0.937481851776,0.603393429853,0.941848287287,0.607311978827,0.940059926276,0.940597825391,0.013003785709,0.00385646336924,0.315836437331,0.00860987990266,0.883555351369
used,0.0867351803376,0.671137295082,0.0,0.111111111111,0.204642857143,0.139616055846,0.491912037758,0.53246367916,0.5,0.251249600729,0.613480400801,0.27040566353,0.609434720994,0.274324083749,0.279230498941,0.0401512749563,0.0136583135189,0.273517762167,0.0255174494474,0.905590434038,0.612862657041,0.941848287287,0.607311978827,0.934994146322,0.933959639391,0.0467968603378,0.00722523230847,0.326182523839,0.0331979609775,0.882804654514
used,0.0867351803376,0.671137295082,0.0,0.111111111111,0.204642857143,0.139616055846,0.530831462058,0.308634010106,0.5,0.251249600729,0.613480400801,0.2596737022,0.61120632138,0.260988178132,0.260792681005,0.0271042148827,0.0189240437977,0.525994049466,0.0212010821473,0.88887867824,0.613976683769,0.931032105669,0.610757990947,0.918661640146,0.910949653536,0.054079625732,0.0133352365584,0.406842662229,0.0436402798365,0.870653602231
used,0.0867351803376,0.671137295082,0.0,0.111111111111,0.204642857143,0.139616055846,0.530831462058,0.308634010106,0.5,0.0,0.0,0.0,0.0,0.0,0.0,0.0,0.0,0.49999160699,0.0,0.88887867824,0.613976683769,0.883835143158,0.61410379845,0.87931097855,0.880544480408,0.00858743318223,0.0148227388697,0.499769838326,0.0158215654778,0.839286349407
