word,word_duration,word_pos,silence_duration,syllable_count,avg_syllable_duration,articulation_rate,spectral_tilt,hnr,voiced_unvoiced_ratio,f0_min,f0_tmin,f0_max,f0_tmax,f0_mean,f0_median,f0_range,f0_slope,f0_skewness,f0_std,int_min,int_tmin,int_max,int_tmax,int_mean,int_median,int_range,int_slope,int_skewness,int_std,spectral_emphasis
a,0.1317499999999967,0.68,0,1,0.1317499999999967,7.590132827324668,-6.20101368355202,0.6803819569006535,1.0000000000000226,106.83115858806661,8.924875000000005,125.30559730770223,8.874125,114.33909841833454,111.67821304870529,18.474438719635614,364.02834915533805,0.37177939667159215,7.03735350369436,37.1931005708253,8.824875000000006,64.42700710305846,8.874404018863387,59.698499466041206,57.10615905974382,27.233906532233156,549.8575816200554,-0.01010125804079184,8.172586419308372,15.920287746450878
a,0.1317499999999967,0.68,0,1,0.1317499999999967,7.590132827324668,-8.200691695285649,-0.0963016823136846,-10.909090909085798,103.47134685864467,8.951698983825054,124.83236679616714,8.874875000000007,110.04598713709294,107.60481580237501,21.36101993752247,278.0514479198101,0.3165735369452229,6.165046288362825,50.606604956511745,8.95595986825973,63.497725619494794,8.882125,58.48042164133265,55.040319254332836,12.891120662983049,174.59394141038723,0.09433621649033372,4.41972291721091,14.987220782792106
a,0.1317499999999967,0.68,0,1,0.1317499999999967,7.590132827324668,-11.185372710983106,--undefined--,-4.848484848481909,103.47134685864467,8.951698983825054,106.83115858806646,8.924875000000007,105.26565148701525,104.78407662202721,3.359811729421793,125.25401712644219,0.09051048177451863,1.404241496738925,50.606604956511745,8.95595986825973,52.84000702371867,8.930125,51.94406175709855,51.55657574190657,2.2334020672069244,86.44913706365557,0.12169796019116913,0.9752002342589635,8.369884762564677
