word,word_duration,word_pos,silence_duration,syllable_count,avg_syllable_duration,articulation_rate,spectral_tilt,hnr,voiced_unvoiced_ratio,f0_min,f0_tmin,f0_max,f0_tmax,f0_mean,f0_median,f0_range,f0_slope,f0_skewness,f0_std,int_min,int_tmin,int_max,int_tmax,int_mean,int_median,int_range,int_slope,int_skewness,int_std,spectral_emphasis
a,0.0533144723761,0.690512295082,0.0,0.111111111111,0.125476190476,0.22770398482,0.423837211774,0.321633835451,0.5,0.178151260194,0.623310334507,0.197423204767,0.619169097799,0.190671473959,0.186310367245,0.0353860871002,0.0117446730233,0.685885826401,0.0236546440083,0.883648326229,0.614446663795,0.939376284956,0.618584323941,0.929014075364,0.921723869344,0.0676646437436,0.0188650147227,0.494716884383,0.0440969315931,0.889567709981
a,0.0533144723761,0.690512295082,0.0,0.111111111111,0.125476190476,0.22770398482,0.395909980678,0.306794006799,0.5,0.172548450101,0.625183712714,0.196677614097,0.619221427107,0.183512296852,0.179514805997,0.0409150677609,0.00897079402483,0.658282225199,0.020722559293,0.915099744294,0.623573666724,0.936980894464,0.619122509704,0.925868075462,0.916391746639,0.0320289373867,0.00599012796277,0.546959659153,0.0238475568371,0.886940240535
a,0.0533144723761,0.690512295082,0.0,0.111111111111,0.125476190476,0.22770398482,0.354226331619,0.308634010106,0.5,0.172548450101,0.625183712714,0.168316101998,0.622710047663,0.175540626119,0.174809027329,0.00643541015248,0.00404107943631,0.545247948542,0.00472007448392,0.915099744294,0.623573666724,0.909508704134,0.622468317207,0.908986241529,0.907399883943,0.00554905169535,0.0029659757326,0.560646828628,0.00526190067787,0.868306156503
