word,word_duration,word_pos,silence_duration,syllable_count,avg_syllable_duration,articulation_rate,spectral_tilt,hnr,voiced_unvoiced_ratio,f0_min,f0_tmin,f0_max,f0_tmax,f0_mean,f0_median,f0_range,f0_slope,f0_skewness,f0_std,int_min,int_tmin,int_max,int_tmax,int_mean,int_median,int_range,int_slope,int_skewness,int_std,spectral_emphasis
for,0.12212499999999693,0.76,0.1844999999999999,1,0.12212499999999693,8.188331627431117,-6.354465396292888,2.731488595255879,0.42857142857143554,110.05423184404893,9.954125,115.76091563121379,9.924125,113.65301748917474,113.67870411169318,5.706683787164863,190.2227929054995,-0.20402933468091392,2.3147415566333005,31.06987801421599,9.858125,60.92252161537363,9.923379919410323,56.35224741750139,53.100115707937675,29.85264360115764,457.47728862316154,-0.4933331023205452,12.150146305474191,19.755367678691393
for,0.12212499999999693,0.76,0.1844999999999999,1,0.12212499999999693,8.188331627431117,-6.111658565805133,2.731488595255879,1.245136186770569,110.05423184404893,9.954125,115.76091563121379,9.924125,113.29313892466226,113.67870411169318,5.706683787164863,190.2227929054995,-0.20402933468091392,2.4895332196655993,42.01842606555321,9.970125,60.92252161537363,9.923379919410323,57.665087924770155,56.975094724866025,18.904095549820426,404.40823529129256,-0.2432224624266891,6.58348611740935,21.214435714417608
for,0.12212499999999693,0.76,0.1844999999999999,1,0.12212499999999693,8.188331627431117,3.111402784083513,--undefined--,0.8247422680415619,110.05423184404893,9.955125000000002,110.05423184404893,9.955125000000002,110.05423184404893,--undefined--,0,--undefined--,--undefined--,--undefined--,42.01842606555321,9.970125,47.73259566843488,9.962125,47.46977425765424,44.87551086699405,5.714169602881675,714.271200360288,0,4.044681839655928,8.42603012529458
