word,word_duration,word_pos,silence_duration,syllable_count,avg_syllable_duration,articulation_rate,spectral_tilt,hnr,voiced_unvoiced_ratio,f0_min,f0_tmin,f0_max,f0_tmax,f0_mean,f0_median,f0_range,f0_slope,f0_skewness,f0_std,int_min,int_tmin,int_max,int_tmax,int_mean,int_median,int_range,int_slope,int_skewness,int_std,spectral_emphasis
for,0.0494447061911,0.768012295082,0.045790159459,0.111111111111,0.11630952381,0.245649948823,0.421694126028,0.360823628468,0.5,0.183526045696,0.695192815974,0.182385236108,0.692430129471,0.189527367841,0.189647743574,0.0109306275882,0.00613717175994,0.397974458522,0.0077805367408,0.869290852821,0.686388421085,0.930342842061,0.691702478906,0.920371517062,0.911383902683,0.0741710885908,0.0156955474902,0.252989740794,0.0655587035719,0.900367101383
for,0.0494447061911,0.768012295082,0.045790159459,0.111111111111,0.11630952381,0.245649948823,0.425085133194,0.360823628468,0.5,0.183526045696,0.695192815974,0.182385236108,0.692430129471,0.188927235626,0.189647743574,0.0109306275882,0.00613717175994,0.397974458522,0.00836806365166,0.894962545472,0.69418660818,0.930342842061,0.691702478906,0.923762266013,0.921385580231,0.0469686157276,0.013874806073,0.378102626624,0.035522602279,0.904475763283
for,0.0494447061911,0.768012295082,0.045790159459,0.111111111111,0.11630952381,0.245649948823,0.553893153395,0.308634010106,0.5,0.183526045696,0.695262655646,0.173394162875,0.694593074216,0.183526045696,0.0,0.0,0.0,0.49999160699,0.0,0.894962545472,0.69418660818,0.896343430948,0.694403178517,0.89743024096,0.890155440487,0.0141972746367,0.024505866903,0.499769838326,0.0218239427824,0.868464259009
