word,word_duration,word_pos,silence_duration,syllable_count,avg_syllable_duration,articulation_rate,spectral_tilt,hnr,voiced_unvoiced_ratio,f0_min,f0_tmin,f0_max,f0_tmax,f0_mean,f0_median,f0_range,f0_slope,f0_skewness,f0_std,int_min,int_tmin,int_max,int_tmax,int_mean,int_median,int_range,int_slope,int_skewness,int_std,spectral_emphasis
the,0.0953750000000042,0.12,0,1,0.0953750000000042,10.484927916120114,-8.268884746024131,-0.4753228754710261,0.7223476297967849,113.82598459045857,1.9841249999999997,124.16971666928778,1.9541249999999997,119.0333127156339,119.06877480139461,10.343732078829206,344.79106929430657,-0.009553153503769283,4.60605082776362,42.94802292396621,1.9196239998356255,66.2758647438085,1.9630159356679957,61.47533063095509,57.52993040042465,23.32784181984229,537.6077691016451,-0.140754333242203,8.389646898940828,26.538296185498833
the,0.0953750000000042,0.12,0,1,0.0953750000000042,10.484927916120114,-4.546596670645329,-0.7479266986439281,1.9512195121945881,113.82598459045857,1.9841249999999997,120.02600113178066,1.9670000000000016,115.98163001074596,115.32123107194198,6.200016541322086,362.04476153709714,0,3.2174167659922963,45.87100046335583,2.010125,65.61707879865052,1.970125,60.8359122838617,56.76415204850139,19.746078335294698,493.651958382367,-0.06923961591991487,8.025696785706227,27.58562910797085
