word,word_duration,word_pos,silence_duration,syllable_count,avg_syllable_duration,articulation_rate,spectral_tilt,hnr,voiced_unvoiced_ratio,f0_min,f0_tmin,f0_max,f0_tmax,f0_mean,f0_median,f0_range,f0_slope,f0_skewness,f0_std,int_min,int_tmin,int_max,int_tmax,int_mean,int_median,int_range,int_slope,int_skewness,int_std,spectral_emphasis
about,0.100857314078,0.845512295082,0.0,0.222222222222,0.119047619048,0.24,0.458993253472,0.308634010106,0.5,0.156039782725,0.787381181811,0.18530924777,0.780055556282,0.178533218044,0.188113564051,0.0460562389851,0.00824191090618,0.160945409754,0.0419485796955,0.874295803678,0.782106207034,0.915613590163,0.78581230449,0.906440529512,0.893955931473,0.0546704705364,0.018569170336,0.434560296861,0.0456775109778,0.887568830915
about,0.100857314078,0.845512295082,0.0,0.222222222222,0.119047619048,0.24,0.367781088271,0.308634010106,0.5,0.152726472828,0.788982795206,0.150906345137,0.790205101547,0.155582095885,0.155183839896,0.00803762309289,0.00476562795311,0.576818224578,0.00518641622941,0.874295803678,0.782106207034,0.915613590163,0.78581230449,0.909169847269,0.908979808516,0.0546704705364,0.018569170336,0.240990843285,0.0397458855591,0.89689958094
about,0.100857314078,0.845512295082,0.0,0.222222222222,0.119047619048,0.24,0.380519333898,0.308634010106,0.5,0.152726472828,0.788982795206,0.150906345137,0.790205101547,0.156048899307,0.155965219804,0.00803762309289,0.00476562795311,0.534666857495,0.00515539495125,0.894369213867,0.792220960239,0.913250941618,0.786412884844,0.907169148694,0.908307246731,0.0311227918475,0.00447674532719,0.124293268665,0.0193397314473,0.894985340762
about,0.100857314078,0.845512295082,0.0,0.222222222222,0.119047619048,0.24,0.446482188784,0.308634010106,0.5,0.155476351784,0.791942090501,0.150349084119,0.792204677368,0.157117427926,0.156016980518,0.00420162772312,0.00481620177611,0.968499353171,0.00394755064475,0.862759588822,0.795072169269,0.907285932257,0.789758692347,0.894263210236,0.882127906544,0.0588677194919,0.00913874485588,0.478053846513,0.0466557054079,0.881192785897
about,0.100857314078,0.845512295082,0.0,0.222222222222,0.119047619048,0.24,0.446482188784,0.308634010106,0.5,0.0,0.0,0.0,0.0,0.0,0.0,0.0,0.0,0.49999160699,0.0,0.862759588822,0.795072169269,0.878691273362,0.793662134433,0.869276904883,0.857518176341,0.0313059091735,0.0131197804551,0.690484573654,0.027778573597,0.844754228603
