word,word_duration,word_pos,silence_duration,syllable_count,avg_syllable_duration,articulation_rate,spectral_tilt,hnr,voiced_unvoiced_ratio,f0_min,f0_tmin,f0_max,f0_tmax,f0_mean,f0_median,f0_range,f0_slope,f0_skewness,f0_std,int_min,int_tmin,int_max,int_tmax,int_mean,int_median,int_range,int_slope,int_skewness,int_std,spectral_emphasis
to,0.0442682657099,0.884262295082,0.0,0.0,0.0,0.0,0.514581165821,0.308634010106,0.5,0.0,0.0,0.0,0.0,0.0,0.0,0.0,0.0,0.49999160699,0.0,0.852119769949,0.819185479772,0.889486938034,0.823774401959,0.875435586704,0.859214833546,0.052985892666,0.0138765364472,0.569901365299,0.0398563211592,0.826172279137
to,0.0442682657099,0.884262295082,0.0,0.0,0.0,0.0,0.514581165821,0.308634010106,0.5,0.0,0.0,0.0,0.0,0.0,0.0,0.0,0.0,0.49999160699,0.0,0.860913292609,0.820071628437,0.890420403943,0.824332036542,0.884733831711,0.882911664154,0.0445677688776,0.0128213787531,0.273332428657,0.0367822153854,0.819359548611
