word,word_duration,word_pos,silence_duration,syllable_count,avg_syllable_duration,articulation_rate,spectral_tilt,hnr,voiced_unvoiced_ratio,f0_min,f0_tmin,f0_max,f0_tmax,f0_mean,f0_median,f0_range,f0_slope,f0_skewness,f0_std,int_min,int_tmin,int_max,int_tmax,int_mean,int_median,int_range,int_slope,int_skewness,int_std,spectral_emphasis
nine,0.0890972454116,0.903637295082,0.0,0.111111111111,0.210238095238,0.135900339751,0.41993607865,0.475127977929,0.5,0.177794933833,0.829949038618,0.173717245009,0.827090882926,0.179624791253,0.178707780095,0.00697555549286,0.00398180095552,0.777197541052,0.00429865061161,0.904309109803,0.823970721985,0.917661373406,0.83177297302,0.914372408033,0.915091490302,0.0248413142787,0.00347370184157,0.235809641883,0.0175105870293,0.904215667327
nine,0.0890972454116,0.903637295082,0.0,0.111111111111,0.210238095238,0.135900339751,0.427536958744,0.477902453296,0.5,0.177794933833,0.829949038618,0.171325108848,0.833938981676,0.180217670293,0.180971776431,0.00406738770897,0.000998107935613,0.105010352617,0.00255876629879,0.918422815815,0.833996962536,0.917661373406,0.831804317196,0.915821327313,0.914932072182,0.00988602052386,0.00304716099863,0.572509645249,0.00620572616477,0.905835956396
nine,0.0890972454116,0.903637295082,0.0,0.111111111111,0.210238095238,0.135900339751,0.430113174229,0.480676928663,0.5,0.17908666347,0.838364141706,0.171325108848,0.833938981676,0.180315686992,0.180516636204,0.00258370186446,0.000839325584544,0.405883757559,0.00191279484741,0.902428902372,0.83733904272,0.917331674018,0.832138920716,0.909939996358,0.907326168123,0.0265158462711,0.00416081009251,0.501623675952,0.0186140023604,0.897584631839
nine,0.0890972454116,0.903637295082,0.0,0.111111111111,0.210238095238,0.135900339751,0.409329821111,0.308634010106,0.5,0.17908666347,0.838364141706,0.169711354779,0.836074080858,0.179278270299,0.179422703936,0.000621828761063,0.000492897148519,0.284284545452,0.000447287691137,0.898080109749,0.839010082812,0.904848735556,0.835484728218,0.898553058614,0.893203463753,0.0190919029534,0.00411930849998,0.743904595024,0.0159208862701,0.874230356303
nine,0.0890972454116,0.903637295082,0.0,0.111111111111,0.210238095238,0.135900339751,0.409329821111,0.308634010106,0.5,0.0,0.0,0.0,0.0,0.0,0.0,0.0,0.0,0.49999160699,0.0,0.898080109749,0.839010082812,0.888963270143,0.838830535721,0.888577994514,0.888042207264,0.0037802258275,0.00326251739727,0.533949528039,0.00415173993989,0.836799935827
