word,word_duration,word_pos,silence_duration,syllable_count,avg_syllable_duration,articulation_rate,spectral_tilt,hnr,voiced_unvoiced_ratio,f0_min,f0_tmin,f0_max,f0_tmax,f0_mean,f0_median,f0_range,f0_slope,f0_skewness,f0_std,int_min,int_tmin,int_max,int_tmax,int_mean,int_median,int_range,int_slope,int_skewness,int_std,spectral_emphasis
the,0.038689771599,0.148012295082,0.0,0.111111111111,0.0908333333333,0.314547837483,0.394957605808,0.299552178495,0.5,0.189815807164,0.138570637399,0.19563358642,0.136344012873,0.198499529029,0.198639882884,0.0198124668271,0.0111240192683,0.495214914065,0.0154823105814,0.89714222489,0.133657027713,0.944142048711,0.136830696785,0.933603199767,0.922817662184,0.0579597386874,0.0184447369977,0.429360275452,0.0452681276663,0.919467485493
the,0.038689771599,0.148012295082,0.0,0.111111111111,0.0908333333333,0.314547837483,0.446942574727,0.294343630482,0.5,0.189815807164,0.138570637399,0.189105022504,0.137242332666,0.193410553802,0.192387936068,0.0118755610757,0.0116806763921,0.49999160699,0.0108146973413,0.903995899063,0.139958311031,0.942443909216,0.137326229301,0.931951737097,0.920841117765,0.0490605838831,0.0169366610084,0.46513409406,0.043304357273,0.922416722109
