word,word_duration,word_pos,silence_duration,syllable_count,avg_syllable_duration,articulation_rate,spectral_tilt,hnr,voiced_unvoiced_ratio,f0_min,f0_tmin,f0_max,f0_tmax,f0_mean,f0_median,f0_range,f0_slope,f0_skewness,f0_std,int_min,int_tmin,int_max,int_tmax,int_mean,int_median,int_range,int_slope,int_skewness,int_std,spectral_emphasis
in,0.0316035763771,0.264262295082,0.0471551777626,0.0,0.0,0.0,0.357559684446,0.308634010106,0.5,0.0,0.0,0.0,0.0,0.0,0.0,0.0,0.0,0.49999160699,0.0,0.899107421829,0.255260077373,0.901017181128,0.257218661682,0.897567641018,0.895998846696,0.0143101757581,0.00822867833768,0.716350666018,0.0102154771751,0.866397600459
in,0.0316035763771,0.264262295082,0.0471551777626,0.0,0.0,0.0,0.357559684446,0.308634010106,0.5,0.0,0.0,0.0,0.0,0.0,0.0,0.0,0.0,0.49999160699,0.0,0.904180492016,0.259180603888,0.893328315689,0.258890568569,0.89494883823,0.894284859922,0.00152346184072,0.00253220703621,0.142520664898,0.00204800551369,0.85114732333
