word,word_duration,word_pos,silence_duration,syllable_count,avg_syllable_duration,articulation_rate,spectral_tilt,hnr,voiced_unvoiced_ratio,f0_min,f0_tmin,f0_max,f0_tmax,f0_mean,f0_median,f0_range,f0_slope,f0_skewness,f0_std,int_min,int_tmin,int_max,int_tmax,int_mean,int_median,int_range,int_slope,int_skewness,int_std,spectral_emphasis
my,0.101912704855,0.283637295082,0.0,0.111111111111,0.240595238095,0.118753092528,0.3846826335,0.308634010106,0.5,0.184723940716,0.2663187437,0.180084464932,0.267769070762,0.187517818894,0.187780312269,0.00675762701663,0.00465304810584,0.464579056886,0.00478042003156,0.906654354579,0.260273197648,0.921592657871,0.267255087326,0.91384109307,0.906382642075,0.0261455098066,0.00376080621003,0.630961121113,0.0222575682601,0.900222271376
my,0.101912704855,0.283637295082,0.0,0.111111111111,0.240595238095,0.118753092528,0.418661842029,0.321113137433,0.5,0.184723940716,0.2663187437,0.198042415799,0.271257691318,0.193630961293,0.191396158614,0.0285894671211,0.00646714790167,0.652423963403,0.0162659819412,0.922362674189,0.264172291196,0.932123862095,0.27032135704,0.926845987783,0.923778962497,0.0196513306916,0.00323088274201,0.655319583037,0.0139509370461,0.918238728972
my,0.101912704855,0.283637295082,0.0,0.111111111111,0.240595238095,0.118753092528,0.512277977315,0.335505066054,0.5,0.190607279922,0.26802719772,0.204553709671,0.272567843285,0.207225272313,0.210180939033,0.0297477503174,0.00728537867344,0.337962720371,0.0174331589194,0.923261164617,0.273641518384,0.932123862095,0.27032135704,0.929042279656,0.929521116355,0.0186992640782,0.00496466472914,0.368252466921,0.0126060299804,0.91991558385
my,0.101912704855,0.283637295082,0.0,0.111111111111,0.240595238095,0.118753092528,0.528939882883,0.349896994674,0.5,0.209614561695,0.271519181275,0.204553709671,0.272567843285,0.214323414233,0.214701946208,0.00791591021298,0.00710080117407,0.482081839068,0.00421889668876,0.865403607396,0.277540611931,0.931076552867,0.271158529413,0.919365374208,0.906765322512,0.0789973359334,0.0113630858129,0.529678075222,0.0549467655595,0.906240986462
my,0.101912704855,0.283637295082,0.0,0.111111111111,0.240595238095,0.118753092528,0.617787187576,0.308634010106,0.5,0.212878968468,0.275011164829,0.201126605171,0.274746311874,0.212878968468,0.0,0.0,0.0,0.49999160699,0.0,0.865403607396,0.277540611931,0.905566706085,0.274504336916,0.895406134673,0.893097544056,0.0544089132893,0.015652506338,0.26277915741,0.0458813143422,0.867754527146
